BFS_NR;GEBIET_NAME;THEMA_NAME;SET_NAME;SUBSET_NAME;INDIKATOR_ID;INDIKATOR_NAME;INDIKATOR_JAHR;INDIKATOR_VALUE;EINHEIT_KURZ;EINHEIT_LANG;
1;Aeugst a.A.;Bevölkerung und Soziales;Bevölkerungsbestand und Haushalte;Bevölkerungsbestand;460;Bevölkerungsdichte [Einw./km2];2012;248.9;Einw./km2;Einwohner pro Quadratkilometer;
2;Affoltern a.A.;Bevölkerung und Soziales;Bevölkerungsbestand und Haushalte;Bevölkerungsbestand;460;Bevölkerungsdichte [Einw./km2];2012;1062.7;Einw./km2;Einwohner pro Quadratkilometer;
3;Bonstetten;Bevölkerung und Soziales;Bevölkerungsbestand und Haushalte;Bevölkerungsbestand;460;Bevölkerungsdichte [Einw./km2];2012;696.8;Einw./km2;Einwohner pro Quadratkilometer;
4;Hausen a.A.;Bevölkerung und Soziales;Bevölkerungsbestand und Haushalte;Bevölkerungsbestand;460;Bevölkerungsdichte [Einw./km2];2012;246.5;Einw./km2;Einwohner pro Quadratkilometer;
5;Hedingen;Bevölkerung und Soziales;Bevölkerungsbestand und Haushalte;Bevölkerungsbestand;460;Bevölkerungsdichte [Einw./km2];2012;536.9;Einw./km2;Einwohner pro Quadratkilometer;
6;Kappel a.A.;Bevölkerung und Soziales;Bevölkerungsbestand und Haushalte;Bevölkerungsbestand;460;Bevölkerungsdichte [Einw./km2];2012;117.8;Einw./km2;Einwohner pro Quadratkilometer;
7;Knonau;Bevölkerung und Soziales;Bevölkerungsbestand und Haushalte;Bevölkerungsbestand;460;Bevölkerungsdichte [Einw./km2];2012;304.0;Einw./km2;Einwohner pro Quadratkilometer;
8;Maschwanden;Bevölkerung und Soziales;Bevölkerungsbestand und Haushalte;Bevölkerungsbestand;460;Bevölkerungsdichte [Einw./km2];2012;137.0;Einw./km2;Einwohner pro Quadratkilometer;
9;Mettmenstetten;Bevölkerung und Soziales;Bevölkerungsbestand und Haushalte;Bevölkerungsbestand;460;Bevölkerungsdichte [Einw./km2];2012;338.2;Einw./km2;Einwohner pro Quadratkilometer;
10;Obfelden;Bevölkerung und Soziales;Bevölkerungsbestand und Haushalte;Bevölkerungsbestand;460;Bevölkerungsdichte [Einw./km2];2012;639.5;Einw./km2;Einwohner pro Quadratkilometer;
11;Ottenbach;Bevölkerung und Soziales;Bevölkerungsbestand und Haushalte;Bevölkerungsbestand;460;Bevölkerungsdichte [Einw./km2];2012;497.8;Einw./km2;Einwohner pro Quadratkilometer;
12;Rifferswil;Bevölkerung und Soziales;Bevölkerungsbestand und Haushalte;Bevölkerungsbestand;460;Bevölkerungsdichte [Einw./km2];2012;145.7;Einw./km2;Einwohner pro Quadratkilometer;
13;Stallikon;Bevölkerung und Soziales;Bevölkerungsbestand und Haushalte;Bevölkerungsbestand;460;Bevölkerungsdichte [Einw./km2];2012;274.5;Einw./km2;Einwohner pro Quadratkilometer;
14;Wettswil a.A.;Bevölkerung und Soziales;Bevölkerungsbestand und Haushalte;Bevölkerungsbestand;460;Bevölkerungsdichte [Einw./km2];2012;1213.3;Einw./km2;Einwohner pro Quadratkilometer;
21;Adlikon;Bevölkerung und Soziales;Bevölkerungsbestand und Haushalte;Bevölkerungsbestand;460;Bevölkerungsdichte [Einw./km2];2012;84.6;Einw./km2;Einwohner pro Quadratkilometer;
22;Benken;Bevölkerung und Soziales;Bevölkerungsbestand und Haushalte;Bevölkerungsbestand;460;Bevölkerungsdichte [Einw./km2];2012;145.1;Einw./km2;Einwohner pro Quadratkilometer;
23;Berg a.I.;Bevölkerung und Soziales;Bevölkerungsbestand und Haushalte;Bevölkerungsbestand;460;Bevölkerungsdichte [Einw./km2];2012;83.1;Einw./km2;Einwohner pro Quadratkilometer;
24;Buch a.I.;Bevölkerung und Soziales;Bevölkerungsbestand und Haushalte;Bevölkerungsbestand;460;Bevölkerungsdichte [Einw./km2];2012;88.2;Einw./km2;Einwohner pro Quadratkilometer;
25;Dachsen;Bevölkerung und Soziales;Bevölkerungsbestand und Haushalte;Bevölkerungsbestand;460;Bevölkerungsdichte [Einw./km2];2012;726.8;Einw./km2;Einwohner pro Quadratkilometer;
26;Dorf;Bevölkerung und Soziales;Bevölkerungsbestand und Haushalte;Bevölkerungsbestand;460;Bevölkerungsdichte [Einw./km2];2012;114.4;Einw./km2;Einwohner pro Quadratkilometer;
27;Feuerthalen;Bevölkerung und Soziales;Bevölkerungsbestand und Haushalte;Bevölkerungsbestand;460;Bevölkerungsdichte [Einw./km2];2012;1383.6;Einw./km2;Einwohner pro Quadratkilometer;
28;Flaach;Bevölkerung und Soziales;Bevölkerungsbestand und Haushalte;Bevölkerungsbestand;460;Bevölkerungsdichte [Einw./km2];2012;130.4;Einw./km2;Einwohner pro Quadratkilometer;
29;Flurlingen;Bevölkerung und Soziales;Bevölkerungsbestand und Haushalte;Bevölkerungsbestand;460;Bevölkerungsdichte [Einw./km2];2012;589.6;Einw./km2;Einwohner pro Quadratkilometer;
30;Andelfingen;Bevölkerung und Soziales;Bevölkerungsbestand und Haushalte;Bevölkerungsbestand;460;Bevölkerungsdichte [Einw./km2];2012;308.2;Einw./km2;Einwohner pro Quadratkilometer;
31;Henggart;Bevölkerung und Soziales;Bevölkerungsbestand und Haushalte;Bevölkerungsbestand;460;Bevölkerungsdichte [Einw./km2];2012;734.6;Einw./km2;Einwohner pro Quadratkilometer;
32;Humlikon;Bevölkerung und Soziales;Bevölkerungsbestand und Haushalte;Bevölkerungsbestand;460;Bevölkerungsdichte [Einw./km2];2012;131.5;Einw./km2;Einwohner pro Quadratkilometer;
33;Kleinandelfingen;Bevölkerung und Soziales;Bevölkerungsbestand und Haushalte;Bevölkerungsbestand;460;Bevölkerungsdichte [Einw./km2];2012;195.1;Einw./km2;Einwohner pro Quadratkilometer;
34;Laufen-Uhwiesen;Bevölkerung und Soziales;Bevölkerungsbestand und Haushalte;Bevölkerungsbestand;460;Bevölkerungsdichte [Einw./km2];2012;249.6;Einw./km2;Einwohner pro Quadratkilometer;
35;Marthalen;Bevölkerung und Soziales;Bevölkerungsbestand und Haushalte;Bevölkerungsbestand;460;Bevölkerungsdichte [Einw./km2];2012;138.8;Einw./km2;Einwohner pro Quadratkilometer;
36;Oberstammheim;Bevölkerung und Soziales;Bevölkerungsbestand und Haushalte;Bevölkerungsbestand;460;Bevölkerungsdichte [Einw./km2];2012;119.9;Einw./km2;Einwohner pro Quadratkilometer;
37;Ossingen;Bevölkerung und Soziales;Bevölkerungsbestand und Haushalte;Bevölkerungsbestand;460;Bevölkerungsdichte [Einw./km2];2012;102.8;Einw./km2;Einwohner pro Quadratkilometer;
38;Rheinau;Bevölkerung und Soziales;Bevölkerungsbestand und Haushalte;Bevölkerungsbestand;460;Bevölkerungsdichte [Einw./km2];2012;150.7;Einw./km2;Einwohner pro Quadratkilometer;
39;Thalheim a.d.Th.;Bevölkerung und Soziales;Bevölkerungsbestand und Haushalte;Bevölkerungsbestand;460;Bevölkerungsdichte [Einw./km2];2012;139.4;Einw./km2;Einwohner pro Quadratkilometer;
40;Trüllikon;Bevölkerung und Soziales;Bevölkerungsbestand und Haushalte;Bevölkerungsbestand;460;Bevölkerungsdichte [Einw./km2];2012;102.7;Einw./km2;Einwohner pro Quadratkilometer;
41;Truttikon;Bevölkerung und Soziales;Bevölkerungsbestand und Haushalte;Bevölkerungsbestand;460;Bevölkerungsdichte [Einw./km2];2012;105.0;Einw./km2;Einwohner pro Quadratkilometer;
42;Unterstammheim;Bevölkerung und Soziales;Bevölkerungsbestand und Haushalte;Bevölkerungsbestand;460;Bevölkerungsdichte [Einw./km2];2012;118.4;Einw./km2;Einwohner pro Quadratkilometer;
43;Volken;Bevölkerung und Soziales;Bevölkerungsbestand und Haushalte;Bevölkerungsbestand;460;Bevölkerungsdichte [Einw./km2];2012;95.1;Einw./km2;Einwohner pro Quadratkilometer;
44;Waltalingen;Bevölkerung und Soziales;Bevölkerungsbestand und Haushalte;Bevölkerungsbestand;460;Bevölkerungsdichte [Einw./km2];2012;92.7;Einw./km2;Einwohner pro Quadratkilometer;
51;Bachenbülach;Bevölkerung und Soziales;Bevölkerungsbestand und Haushalte;Bevölkerungsbestand;460;Bevölkerungsdichte [Einw./km2];2012;934.5;Einw./km2;Einwohner pro Quadratkilometer;
52;Bassersdorf;Bevölkerung und Soziales;Bevölkerungsbestand und Haushalte;Bevölkerungsbestand;460;Bevölkerungsdichte [Einw./km2];2012;1249.1;Einw./km2;Einwohner pro Quadratkilometer;
53;Bülach;Bevölkerung und Soziales;Bevölkerungsbestand und Haushalte;Bevölkerungsbestand;460;Bevölkerungsdichte [Einw./km2];2012;1113.5;Einw./km2;Einwohner pro Quadratkilometer;
54;Dietlikon;Bevölkerung und Soziales;Bevölkerungsbestand und Haushalte;Bevölkerungsbestand;460;Bevölkerungsdichte [Einw./km2];2012;1697.6;Einw./km2;Einwohner pro Quadratkilometer;
55;Eglisau;Bevölkerung und Soziales;Bevölkerungsbestand und Haushalte;Bevölkerungsbestand;460;Bevölkerungsdichte [Einw./km2];2012;517.7;Einw./km2;Einwohner pro Quadratkilometer;
56;Embrach;Bevölkerung und Soziales;Bevölkerungsbestand und Haushalte;Bevölkerungsbestand;460;Bevölkerungsdichte [Einw./km2];2012;704.5;Einw./km2;Einwohner pro Quadratkilometer;
57;Freienstein-Teufen;Bevölkerung und Soziales;Bevölkerungsbestand und Haushalte;Bevölkerungsbestand;460;Bevölkerungsdichte [Einw./km2];2012;278.2;Einw./km2;Einwohner pro Quadratkilometer;
58;Glattfelden;Bevölkerung und Soziales;Bevölkerungsbestand und Haushalte;Bevölkerungsbestand;460;Bevölkerungsdichte [Einw./km2];2012;369.3;Einw./km2;Einwohner pro Quadratkilometer;
59;Hochfelden;Bevölkerung und Soziales;Bevölkerungsbestand und Haushalte;Bevölkerungsbestand;460;Bevölkerungsdichte [Einw./km2];2012;328.6;Einw./km2;Einwohner pro Quadratkilometer;
60;Höri;Bevölkerung und Soziales;Bevölkerungsbestand und Haushalte;Bevölkerungsbestand;460;Bevölkerungsdichte [Einw./km2];2012;547.4;Einw./km2;Einwohner pro Quadratkilometer;
61;Hüntwangen;Bevölkerung und Soziales;Bevölkerungsbestand und Haushalte;Bevölkerungsbestand;460;Bevölkerungsdichte [Einw./km2];2012;203.2;Einw./km2;Einwohner pro Quadratkilometer;
62;Kloten;Bevölkerung und Soziales;Bevölkerungsbestand und Haushalte;Bevölkerungsbestand;460;Bevölkerungsdichte [Einw./km2];2012;952.0;Einw./km2;Einwohner pro Quadratkilometer;
63;Lufingen;Bevölkerung und Soziales;Bevölkerungsbestand und Haushalte;Bevölkerungsbestand;460;Bevölkerungsdichte [Einw./km2];2012;353.8;Einw./km2;Einwohner pro Quadratkilometer;
64;Nürensdorf;Bevölkerung und Soziales;Bevölkerungsbestand und Haushalte;Bevölkerungsbestand;460;Bevölkerungsdichte [Einw./km2];2012;521.4;Einw./km2;Einwohner pro Quadratkilometer;
65;Oberembrach;Bevölkerung und Soziales;Bevölkerungsbestand und Haushalte;Bevölkerungsbestand;460;Bevölkerungsdichte [Einw./km2];2012;100.7;Einw./km2;Einwohner pro Quadratkilometer;
66;Opfikon;Bevölkerung und Soziales;Bevölkerungsbestand und Haushalte;Bevölkerungsbestand;460;Bevölkerungsdichte [Einw./km2];2012;2860.1;Einw./km2;Einwohner pro Quadratkilometer;
67;Rafz;Bevölkerung und Soziales;Bevölkerungsbestand und Haushalte;Bevölkerungsbestand;460;Bevölkerungsdichte [Einw./km2];2012;381.1;Einw./km2;Einwohner pro Quadratkilometer;
68;Rorbas;Bevölkerung und Soziales;Bevölkerungsbestand und Haushalte;Bevölkerungsbestand;460;Bevölkerungsdichte [Einw./km2];2012;561.2;Einw./km2;Einwohner pro Quadratkilometer;
69;Wallisellen;Bevölkerung und Soziales;Bevölkerungsbestand und Haushalte;Bevölkerungsbestand;460;Bevölkerungsdichte [Einw./km2];2012;2190.2;Einw./km2;Einwohner pro Quadratkilometer;
70;Wasterkingen;Bevölkerung und Soziales;Bevölkerungsbestand und Haushalte;Bevölkerungsbestand;460;Bevölkerungsdichte [Einw./km2];2012;138.8;Einw./km2;Einwohner pro Quadratkilometer;
71;Wil;Bevölkerung und Soziales;Bevölkerungsbestand und Haushalte;Bevölkerungsbestand;460;Bevölkerungsdichte [Einw./km2];2012;144.7;Einw./km2;Einwohner pro Quadratkilometer;
72;Winkel;Bevölkerung und Soziales;Bevölkerungsbestand und Haushalte;Bevölkerungsbestand;460;Bevölkerungsdichte [Einw./km2];2012;504.2;Einw./km2;Einwohner pro Quadratkilometer;
81;Bachs;Bevölkerung und Soziales;Bevölkerungsbestand und Haushalte;Bevölkerungsbestand;460;Bevölkerungsdichte [Einw./km2];2012;62.7;Einw./km2;Einwohner pro Quadratkilometer;
82;Boppelsen;Bevölkerung und Soziales;Bevölkerungsbestand und Haushalte;Bevölkerungsbestand;460;Bevölkerungsdichte [Einw./km2];2012;325.0;Einw./km2;Einwohner pro Quadratkilometer;
83;Buchs;Bevölkerung und Soziales;Bevölkerungsbestand und Haushalte;Bevölkerungsbestand;460;Bevölkerungsdichte [Einw./km2];2012;1028.4;Einw./km2;Einwohner pro Quadratkilometer;
84;Dällikon;Bevölkerung und Soziales;Bevölkerungsbestand und Haushalte;Bevölkerungsbestand;460;Bevölkerungsdichte [Einw./km2];2012;830.8;Einw./km2;Einwohner pro Quadratkilometer;
85;Dänikon;Bevölkerung und Soziales;Bevölkerungsbestand und Haushalte;Bevölkerungsbestand;460;Bevölkerungsdichte [Einw./km2];2012;688.9;Einw./km2;Einwohner pro Quadratkilometer;
86;Dielsdorf;Bevölkerung und Soziales;Bevölkerungsbestand und Haushalte;Bevölkerungsbestand;460;Bevölkerungsdichte [Einw./km2];2012;985.9;Einw./km2;Einwohner pro Quadratkilometer;
87;Hüttikon;Bevölkerung und Soziales;Bevölkerungsbestand und Haushalte;Bevölkerungsbestand;460;Bevölkerungsdichte [Einw./km2];2012;417.5;Einw./km2;Einwohner pro Quadratkilometer;
88;Neerach;Bevölkerung und Soziales;Bevölkerungsbestand und Haushalte;Bevölkerungsbestand;460;Bevölkerungsdichte [Einw./km2];2012;503.2;Einw./km2;Einwohner pro Quadratkilometer;
89;Niederglatt;Bevölkerung und Soziales;Bevölkerungsbestand und Haushalte;Bevölkerungsbestand;460;Bevölkerungsdichte [Einw./km2];2012;1268.9;Einw./km2;Einwohner pro Quadratkilometer;
90;Niederhasli;Bevölkerung und Soziales;Bevölkerungsbestand und Haushalte;Bevölkerungsbestand;460;Bevölkerungsdichte [Einw./km2];2012;770.1;Einw./km2;Einwohner pro Quadratkilometer;
91;Niederweningen;Bevölkerung und Soziales;Bevölkerungsbestand und Haushalte;Bevölkerungsbestand;460;Bevölkerungsdichte [Einw./km2];2012;400.9;Einw./km2;Einwohner pro Quadratkilometer;
92;Oberglatt;Bevölkerung und Soziales;Bevölkerungsbestand und Haushalte;Bevölkerungsbestand;460;Bevölkerungsdichte [Einw./km2];2012;736.3;Einw./km2;Einwohner pro Quadratkilometer;
93;Oberweningen;Bevölkerung und Soziales;Bevölkerungsbestand und Haushalte;Bevölkerungsbestand;460;Bevölkerungsdichte [Einw./km2];2012;358.4;Einw./km2;Einwohner pro Quadratkilometer;
94;Otelfingen;Bevölkerung und Soziales;Bevölkerungsbestand und Haushalte;Bevölkerungsbestand;460;Bevölkerungsdichte [Einw./km2];2012;381.6;Einw./km2;Einwohner pro Quadratkilometer;
95;Regensberg;Bevölkerung und Soziales;Bevölkerungsbestand und Haushalte;Bevölkerungsbestand;460;Bevölkerungsdichte [Einw./km2];2012;205.9;Einw./km2;Einwohner pro Quadratkilometer;
96;Regensdorf;Bevölkerung und Soziales;Bevölkerungsbestand und Haushalte;Bevölkerungsbestand;460;Bevölkerungsdichte [Einw./km2];2012;1158.6;Einw./km2;Einwohner pro Quadratkilometer;
97;Rümlang;Bevölkerung und Soziales;Bevölkerungsbestand und Haushalte;Bevölkerungsbestand;460;Bevölkerungsdichte [Einw./km2];2012;562.3;Einw./km2;Einwohner pro Quadratkilometer;
98;Schleinikon;Bevölkerung und Soziales;Bevölkerungsbestand und Haushalte;Bevölkerungsbestand;460;Bevölkerungsdichte [Einw./km2];2012;127.1;Einw./km2;Einwohner pro Quadratkilometer;
99;Schöfflisdorf;Bevölkerung und Soziales;Bevölkerungsbestand und Haushalte;Bevölkerungsbestand;460;Bevölkerungsdichte [Einw./km2];2012;344.1;Einw./km2;Einwohner pro Quadratkilometer;
100;Stadel;Bevölkerung und Soziales;Bevölkerungsbestand und Haushalte;Bevölkerungsbestand;460;Bevölkerungsdichte [Einw./km2];2012;155.9;Einw./km2;Einwohner pro Quadratkilometer;
101;Steinmaur;Bevölkerung und Soziales;Bevölkerungsbestand und Haushalte;Bevölkerungsbestand;460;Bevölkerungsdichte [Einw./km2];2012;345.9;Einw./km2;Einwohner pro Quadratkilometer;
102;Weiach;Bevölkerung und Soziales;Bevölkerungsbestand und Haushalte;Bevölkerungsbestand;460;Bevölkerungsdichte [Einw./km2];2012;112.3;Einw./km2;Einwohner pro Quadratkilometer;
111;Bäretswil;Bevölkerung und Soziales;Bevölkerungsbestand und Haushalte;Bevölkerungsbestand;460;Bevölkerungsdichte [Einw./km2];2012;222.1;Einw./km2;Einwohner pro Quadratkilometer;
112;Bubikon;Bevölkerung und Soziales;Bevölkerungsbestand und Haushalte;Bevölkerungsbestand;460;Bevölkerungsdichte [Einw./km2];2012;589.0;Einw./km2;Einwohner pro Quadratkilometer;
113;Dürnten;Bevölkerung und Soziales;Bevölkerungsbestand und Haushalte;Bevölkerungsbestand;460;Bevölkerungsdichte [Einw./km2];2012;701.2;Einw./km2;Einwohner pro Quadratkilometer;
114;Fischenthal;Bevölkerung und Soziales;Bevölkerungsbestand und Haushalte;Bevölkerungsbestand;460;Bevölkerungsdichte [Einw./km2];2012;77.3;Einw./km2;Einwohner pro Quadratkilometer;
115;Gossau;Bevölkerung und Soziales;Bevölkerungsbestand und Haushalte;Bevölkerungsbestand;460;Bevölkerungsdichte [Einw./km2];2012;531.1;Einw./km2;Einwohner pro Quadratkilometer;
116;Grüningen;Bevölkerung und Soziales;Bevölkerungsbestand und Haushalte;Bevölkerungsbestand;460;Bevölkerungsdichte [Einw./km2];2012;366.1;Einw./km2;Einwohner pro Quadratkilometer;
117;Hinwil;Bevölkerung und Soziales;Bevölkerungsbestand und Haushalte;Bevölkerungsbestand;460;Bevölkerungsdichte [Einw./km2];2012;475.2;Einw./km2;Einwohner pro Quadratkilometer;
118;Rüti;Bevölkerung und Soziales;Bevölkerungsbestand und Haushalte;Bevölkerungsbestand;460;Bevölkerungsdichte [Einw./km2];2012;1183.3;Einw./km2;Einwohner pro Quadratkilometer;
119;Seegräben;Bevölkerung und Soziales;Bevölkerungsbestand und Haushalte;Bevölkerungsbestand;460;Bevölkerungsdichte [Einw./km2];2012;346.7;Einw./km2;Einwohner pro Quadratkilometer;
120;Wald;Bevölkerung und Soziales;Bevölkerungsbestand und Haushalte;Bevölkerungsbestand;460;Bevölkerungsdichte [Einw./km2];2012;369.3;Einw./km2;Einwohner pro Quadratkilometer;
121;Wetzikon;Bevölkerung und Soziales;Bevölkerungsbestand und Haushalte;Bevölkerungsbestand;460;Bevölkerungsdichte [Einw./km2];2012;1391.6;Einw./km2;Einwohner pro Quadratkilometer;
131;Adliswil;Bevölkerung und Soziales;Bevölkerungsbestand und Haushalte;Bevölkerungsbestand;460;Bevölkerungsdichte [Einw./km2];2012;2307.3;Einw./km2;Einwohner pro Quadratkilometer;
132;Hirzel;Bevölkerung und Soziales;Bevölkerungsbestand und Haushalte;Bevölkerungsbestand;460;Bevölkerungsdichte [Einw./km2];2012;220.0;Einw./km2;Einwohner pro Quadratkilometer;
133;Horgen;Bevölkerung und Soziales;Bevölkerungsbestand und Haushalte;Bevölkerungsbestand;460;Bevölkerungsdichte [Einw./km2];2012;911.1;Einw./km2;Einwohner pro Quadratkilometer;
134;Hütten;Bevölkerung und Soziales;Bevölkerungsbestand und Haushalte;Bevölkerungsbestand;460;Bevölkerungsdichte [Einw./km2];2012;123.9;Einw./km2;Einwohner pro Quadratkilometer;
135;Kilchberg;Bevölkerung und Soziales;Bevölkerungsbestand und Haushalte;Bevölkerungsbestand;460;Bevölkerungsdichte [Einw./km2];2012;2938.8;Einw./km2;Einwohner pro Quadratkilometer;
136;Langnau a.A.;Bevölkerung und Soziales;Bevölkerungsbestand und Haushalte;Bevölkerungsbestand;460;Bevölkerungsdichte [Einw./km2];2012;835.0;Einw./km2;Einwohner pro Quadratkilometer;
137;Oberrieden;Bevölkerung und Soziales;Bevölkerungsbestand und Haushalte;Bevölkerungsbestand;460;Bevölkerungsdichte [Einw./km2];2012;1792.4;Einw./km2;Einwohner pro Quadratkilometer;
138;Richterswil;Bevölkerung und Soziales;Bevölkerungsbestand und Haushalte;Bevölkerungsbestand;460;Bevölkerungsdichte [Einw./km2];2012;1698.7;Einw./km2;Einwohner pro Quadratkilometer;
139;Rüschlikon;Bevölkerung und Soziales;Bevölkerungsbestand und Haushalte;Bevölkerungsbestand;460;Bevölkerungsdichte [Einw./km2];2012;1855.5;Einw./km2;Einwohner pro Quadratkilometer;
140;Schönenberg;Bevölkerung und Soziales;Bevölkerungsbestand und Haushalte;Bevölkerungsbestand;460;Bevölkerungsdichte [Einw./km2];2012;171.9;Einw./km2;Einwohner pro Quadratkilometer;
141;Thalwil;Bevölkerung und Soziales;Bevölkerungsbestand und Haushalte;Bevölkerungsbestand;460;Bevölkerungsdichte [Einw./km2];2012;3141.4;Einw./km2;Einwohner pro Quadratkilometer;
142;Wädenswil;Bevölkerung und Soziales;Bevölkerungsbestand und Haushalte;Bevölkerungsbestand;460;Bevölkerungsdichte [Einw./km2];2012;1205.0;Einw./km2;Einwohner pro Quadratkilometer;
151;Erlenbach;Bevölkerung und Soziales;Bevölkerungsbestand und Haushalte;Bevölkerungsbestand;460;Bevölkerungsdichte [Einw./km2];2012;1796.6;Einw./km2;Einwohner pro Quadratkilometer;
152;Herrliberg;Bevölkerung und Soziales;Bevölkerungsbestand und Haushalte;Bevölkerungsbestand;460;Bevölkerungsdichte [Einw./km2];2012;683.8;Einw./km2;Einwohner pro Quadratkilometer;
153;Hombrechtikon;Bevölkerung und Soziales;Bevölkerungsbestand und Haushalte;Bevölkerungsbestand;460;Bevölkerungsdichte [Einw./km2];2012;666.1;Einw./km2;Einwohner pro Quadratkilometer;
154;Küsnacht;Bevölkerung und Soziales;Bevölkerungsbestand und Haushalte;Bevölkerungsbestand;460;Bevölkerungsdichte [Einw./km2];2012;1093.7;Einw./km2;Einwohner pro Quadratkilometer;
155;Männedorf;Bevölkerung und Soziales;Bevölkerungsbestand und Haushalte;Bevölkerungsbestand;460;Bevölkerungsdichte [Einw./km2];2012;2202.5;Einw./km2;Einwohner pro Quadratkilometer;
156;Meilen;Bevölkerung und Soziales;Bevölkerungsbestand und Haushalte;Bevölkerungsbestand;460;Bevölkerungsdichte [Einw./km2];2012;1072.8;Einw./km2;Einwohner pro Quadratkilometer;
157;Oetwil a.S.;Bevölkerung und Soziales;Bevölkerungsbestand und Haushalte;Bevölkerungsbestand;460;Bevölkerungsdichte [Einw./km2];2012;748.9;Einw./km2;Einwohner pro Quadratkilometer;
158;Stäfa;Bevölkerung und Soziales;Bevölkerungsbestand und Haushalte;Bevölkerungsbestand;460;Bevölkerungsdichte [Einw./km2];2012;1610.5;Einw./km2;Einwohner pro Quadratkilometer;
159;Uetikon a.S.;Bevölkerung und Soziales;Bevölkerungsbestand und Haushalte;Bevölkerungsbestand;460;Bevölkerungsdichte [Einw./km2];2012;1690.0;Einw./km2;Einwohner pro Quadratkilometer;
160;Zumikon;Bevölkerung und Soziales;Bevölkerungsbestand und Haushalte;Bevölkerungsbestand;460;Bevölkerungsdichte [Einw./km2];2012;942.0;Einw./km2;Einwohner pro Quadratkilometer;
161;Zollikon;Bevölkerung und Soziales;Bevölkerungsbestand und Haushalte;Bevölkerungsbestand;460;Bevölkerungsdichte [Einw./km2];2012;1546.1;Einw./km2;Einwohner pro Quadratkilometer;
171;Bauma;Bevölkerung und Soziales;Bevölkerungsbestand und Haushalte;Bevölkerungsbestand;460;Bevölkerungsdichte [Einw./km2];2012;202.5;Einw./km2;Einwohner pro Quadratkilometer;
172;Fehraltorf;Bevölkerung und Soziales;Bevölkerungsbestand und Haushalte;Bevölkerungsbestand;460;Bevölkerungsdichte [Einw./km2];2012;654.8;Einw./km2;Einwohner pro Quadratkilometer;
173;Hittnau;Bevölkerung und Soziales;Bevölkerungsbestand und Haushalte;Bevölkerungsbestand;460;Bevölkerungsdichte [Einw./km2];2012;269.5;Einw./km2;Einwohner pro Quadratkilometer;
174;Illnau-Effretikon;Bevölkerung und Soziales;Bevölkerungsbestand und Haushalte;Bevölkerungsbestand;460;Bevölkerungsdichte [Einw./km2];2012;636.3;Einw./km2;Einwohner pro Quadratkilometer;
175;Kyburg;Bevölkerung und Soziales;Bevölkerungsbestand und Haushalte;Bevölkerungsbestand;460;Bevölkerungsdichte [Einw./km2];2012;53.4;Einw./km2;Einwohner pro Quadratkilometer;
176;Lindau;Bevölkerung und Soziales;Bevölkerungsbestand und Haushalte;Bevölkerungsbestand;460;Bevölkerungsdichte [Einw./km2];2012;436.5;Einw./km2;Einwohner pro Quadratkilometer;
177;Pfäffikon;Bevölkerung und Soziales;Bevölkerungsbestand und Haushalte;Bevölkerungsbestand;460;Bevölkerungsdichte [Einw./km2];2012;565.0;Einw./km2;Einwohner pro Quadratkilometer;
178;Russikon;Bevölkerung und Soziales;Bevölkerungsbestand und Haushalte;Bevölkerungsbestand;460;Bevölkerungsdichte [Einw./km2];2012;289.4;Einw./km2;Einwohner pro Quadratkilometer;
179;Sternenberg;Bevölkerung und Soziales;Bevölkerungsbestand und Haushalte;Bevölkerungsbestand;460;Bevölkerungsdichte [Einw./km2];2012;40.5;Einw./km2;Einwohner pro Quadratkilometer;
180;Weisslingen;Bevölkerung und Soziales;Bevölkerungsbestand und Haushalte;Bevölkerungsbestand;460;Bevölkerungsdichte [Einw./km2];2012;248.9;Einw./km2;Einwohner pro Quadratkilometer;
181;Wila;Bevölkerung und Soziales;Bevölkerungsbestand und Haushalte;Bevölkerungsbestand;460;Bevölkerungsdichte [Einw./km2];2012;210.4;Einw./km2;Einwohner pro Quadratkilometer;
182;Wildberg;Bevölkerung und Soziales;Bevölkerungsbestand und Haushalte;Bevölkerungsbestand;460;Bevölkerungsdichte [Einw./km2];2012;94.9;Einw./km2;Einwohner pro Quadratkilometer;
191;Dübendorf;Bevölkerung und Soziales;Bevölkerungsbestand und Haushalte;Bevölkerungsbestand;460;Bevölkerungsdichte [Einw./km2];2012;1858.9;Einw./km2;Einwohner pro Quadratkilometer;
192;Egg;Bevölkerung und Soziales;Bevölkerungsbestand und Haushalte;Bevölkerungsbestand;460;Bevölkerungsdichte [Einw./km2];2012;572.6;Einw./km2;Einwohner pro Quadratkilometer;
193;Fällanden;Bevölkerung und Soziales;Bevölkerungsbestand und Haushalte;Bevölkerungsbestand;460;Bevölkerungsdichte [Einw./km2];2012;1258.5;Einw./km2;Einwohner pro Quadratkilometer;
194;Greifensee;Bevölkerung und Soziales;Bevölkerungsbestand und Haushalte;Bevölkerungsbestand;460;Bevölkerungsdichte [Einw./km2];2012;2237.8;Einw./km2;Einwohner pro Quadratkilometer;
195;Maur;Bevölkerung und Soziales;Bevölkerungsbestand und Haushalte;Bevölkerungsbestand;460;Bevölkerungsdichte [Einw./km2];2012;649.8;Einw./km2;Einwohner pro Quadratkilometer;
196;Mönchaltorf;Bevölkerung und Soziales;Bevölkerungsbestand und Haushalte;Bevölkerungsbestand;460;Bevölkerungsdichte [Einw./km2];2012;450.7;Einw./km2;Einwohner pro Quadratkilometer;
197;Schwerzenbach;Bevölkerung und Soziales;Bevölkerungsbestand und Haushalte;Bevölkerungsbestand;460;Bevölkerungsdichte [Einw./km2];2012;1780.8;Einw./km2;Einwohner pro Quadratkilometer;
198;Uster;Bevölkerung und Soziales;Bevölkerungsbestand und Haushalte;Bevölkerungsbestand;460;Bevölkerungsdichte [Einw./km2];2012;1146.1;Einw./km2;Einwohner pro Quadratkilometer;
199;Volketswil;Bevölkerung und Soziales;Bevölkerungsbestand und Haushalte;Bevölkerungsbestand;460;Bevölkerungsdichte [Einw./km2];2012;1266.5;Einw./km2;Einwohner pro Quadratkilometer;
200;Wangen-Brüttisellen;Bevölkerung und Soziales;Bevölkerungsbestand und Haushalte;Bevölkerungsbestand;460;Bevölkerungsdichte [Einw./km2];2012;957.4;Einw./km2;Einwohner pro Quadratkilometer;
211;Altikon;Bevölkerung und Soziales;Bevölkerungsbestand und Haushalte;Bevölkerungsbestand;460;Bevölkerungsdichte [Einw./km2];2012;80.5;Einw./km2;Einwohner pro Quadratkilometer;
213;Brütten;Bevölkerung und Soziales;Bevölkerungsbestand und Haushalte;Bevölkerungsbestand;460;Bevölkerungsdichte [Einw./km2];2012;298.5;Einw./km2;Einwohner pro Quadratkilometer;
214;Dägerlen;Bevölkerung und Soziales;Bevölkerungsbestand und Haushalte;Bevölkerungsbestand;460;Bevölkerungsdichte [Einw./km2];2012;123.7;Einw./km2;Einwohner pro Quadratkilometer;
215;Dättlikon;Bevölkerung und Soziales;Bevölkerungsbestand und Haushalte;Bevölkerungsbestand;460;Bevölkerungsdichte [Einw./km2];2012;257.9;Einw./km2;Einwohner pro Quadratkilometer;
216;Dinhard;Bevölkerung und Soziales;Bevölkerungsbestand und Haushalte;Bevölkerungsbestand;460;Bevölkerungsdichte [Einw./km2];2012;204.9;Einw./km2;Einwohner pro Quadratkilometer;
217;Elgg;Bevölkerung und Soziales;Bevölkerungsbestand und Haushalte;Bevölkerungsbestand;460;Bevölkerungsdichte [Einw./km2];2012;259.1;Einw./km2;Einwohner pro Quadratkilometer;
218;Ellikon a.d.Th.;Bevölkerung und Soziales;Bevölkerungsbestand und Haushalte;Bevölkerungsbestand;460;Bevölkerungsdichte [Einw./km2];2012;182.8;Einw./km2;Einwohner pro Quadratkilometer;
219;Elsau;Bevölkerung und Soziales;Bevölkerungsbestand und Haushalte;Bevölkerungsbestand;460;Bevölkerungsdichte [Einw./km2];2012;416.8;Einw./km2;Einwohner pro Quadratkilometer;
220;Hagenbuch;Bevölkerung und Soziales;Bevölkerungsbestand und Haushalte;Bevölkerungsbestand;460;Bevölkerungsdichte [Einw./km2];2012;135.3;Einw./km2;Einwohner pro Quadratkilometer;
221;Hettlingen;Bevölkerung und Soziales;Bevölkerungsbestand und Haushalte;Bevölkerungsbestand;460;Bevölkerungsdichte [Einw./km2];2012;515.9;Einw./km2;Einwohner pro Quadratkilometer;
222;Hofstetten;Bevölkerung und Soziales;Bevölkerungsbestand und Haushalte;Bevölkerungsbestand;460;Bevölkerungsdichte [Einw./km2];2012;54.4;Einw./km2;Einwohner pro Quadratkilometer;
223;Neftenbach;Bevölkerung und Soziales;Bevölkerungsbestand und Haushalte;Bevölkerungsbestand;460;Bevölkerungsdichte [Einw./km2];2012;360.5;Einw./km2;Einwohner pro Quadratkilometer;
224;Pfungen;Bevölkerung und Soziales;Bevölkerungsbestand und Haushalte;Bevölkerungsbestand;460;Bevölkerungsdichte [Einw./km2];2012;681.9;Einw./km2;Einwohner pro Quadratkilometer;
225;Rickenbach;Bevölkerung und Soziales;Bevölkerungsbestand und Haushalte;Bevölkerungsbestand;460;Bevölkerungsdichte [Einw./km2];2012;420.6;Einw./km2;Einwohner pro Quadratkilometer;
226;Schlatt;Bevölkerung und Soziales;Bevölkerungsbestand und Haushalte;Bevölkerungsbestand;460;Bevölkerungsdichte [Einw./km2];2012;81.5;Einw./km2;Einwohner pro Quadratkilometer;
227;Seuzach;Bevölkerung und Soziales;Bevölkerungsbestand und Haushalte;Bevölkerungsbestand;460;Bevölkerungsdichte [Einw./km2];2012;937.9;Einw./km2;Einwohner pro Quadratkilometer;
228;Turbenthal;Bevölkerung und Soziales;Bevölkerungsbestand und Haushalte;Bevölkerungsbestand;460;Bevölkerungsdichte [Einw./km2];2012;170.4;Einw./km2;Einwohner pro Quadratkilometer;
230;Winterthur;Bevölkerung und Soziales;Bevölkerungsbestand und Haushalte;Bevölkerungsbestand;460;Bevölkerungsdichte [Einw./km2];2012;1532.1;Einw./km2;Einwohner pro Quadratkilometer;
231;Zell;Bevölkerung und Soziales;Bevölkerungsbestand und Haushalte;Bevölkerungsbestand;460;Bevölkerungsdichte [Einw./km2];2012;422.6;Einw./km2;Einwohner pro Quadratkilometer;
241;Aesch;Bevölkerung und Soziales;Bevölkerungsbestand und Haushalte;Bevölkerungsbestand;460;Bevölkerungsdichte [Einw./km2];2012;222.7;Einw./km2;Einwohner pro Quadratkilometer;
242;Birmensdorf;Bevölkerung und Soziales;Bevölkerungsbestand und Haushalte;Bevölkerungsbestand;460;Bevölkerungsdichte [Einw./km2];2012;520.6;Einw./km2;Einwohner pro Quadratkilometer;
243;Dietikon;Bevölkerung und Soziales;Bevölkerungsbestand und Haushalte;Bevölkerungsbestand;460;Bevölkerungsdichte [Einw./km2];2012;2669.4;Einw./km2;Einwohner pro Quadratkilometer;
244;Geroldswil;Bevölkerung und Soziales;Bevölkerungsbestand und Haushalte;Bevölkerungsbestand;460;Bevölkerungsdichte [Einw./km2];2012;2495.8;Einw./km2;Einwohner pro Quadratkilometer;
245;Oberengstringen;Bevölkerung und Soziales;Bevölkerungsbestand und Haushalte;Bevölkerungsbestand;460;Bevölkerungsdichte [Einw./km2];2012;2989.3;Einw./km2;Einwohner pro Quadratkilometer;
246;Oetwil a.d.L.;Bevölkerung und Soziales;Bevölkerungsbestand und Haushalte;Bevölkerungsbestand;460;Bevölkerungsdichte [Einw./km2];2012;839.7;Einw./km2;Einwohner pro Quadratkilometer;
247;Schlieren;Bevölkerung und Soziales;Bevölkerungsbestand und Haushalte;Bevölkerungsbestand;460;Bevölkerungsdichte [Einw./km2];2012;2625.4;Einw./km2;Einwohner pro Quadratkilometer;
248;Uitikon;Bevölkerung und Soziales;Bevölkerungsbestand und Haushalte;Bevölkerungsbestand;460;Bevölkerungsdichte [Einw./km2];2012;900.5;Einw./km2;Einwohner pro Quadratkilometer;
249;Unterengstringen;Bevölkerung und Soziales;Bevölkerungsbestand und Haushalte;Bevölkerungsbestand;460;Bevölkerungsdichte [Einw./km2];2012;1006.8;Einw./km2;Einwohner pro Quadratkilometer;
250;Urdorf;Bevölkerung und Soziales;Bevölkerungsbestand und Haushalte;Bevölkerungsbestand;460;Bevölkerungsdichte [Einw./km2];2012;1249.1;Einw./km2;Einwohner pro Quadratkilometer;
251;Weiningen;Bevölkerung und Soziales;Bevölkerungsbestand und Haushalte;Bevölkerungsbestand;460;Bevölkerungsdichte [Einw./km2];2012;792.8;Einw./km2;Einwohner pro Quadratkilometer;
261;Zürich;Bevölkerung und Soziales;Bevölkerungsbestand und Haushalte;Bevölkerungsbestand;460;Bevölkerungsdichte [Einw./km2];2012;4322.1;Einw./km2;Einwohner pro Quadratkilometer;
298;Wiesendangen;Bevölkerung und Soziales;Bevölkerungsbestand und Haushalte;Bevölkerungsbestand;460;Bevölkerungsdichte [Einw./km2];2012;312.6;Einw./km2;Einwohner pro Quadratkilometer;
